"Freq [GHz]","dB(S(2,1)) []","dB(S(2,1))_1 []"
26,-156.003063784352,-155.816292364735
26.01,-155.790144449989,-155.603285620547
26.02,-155.57699975701,-155.39004375222
26.03,-155.363621380116,-155.176558878326
26.04,-155.150001285884,-154.962823261069
26.05,-154.936131582495,-154.748829246563
26.06,-154.722004444527,-154.534569340396
26.07,-154.507612209173,-154.320036124372
26.08,-154.29294734782,-154.105222310755
26.09,-154.078002403398,-153.890120729493
26.1,-153.862770087092,-153.674724324188
26.11,-153.647243212836,-153.459026150531
26.12,-153.431414700137,-153.243019358899
26.13,-153.21527759191,-153.026697230721
26.14,-152.998825055272,-152.810053140571
26.15,-152.782050378879,-152.593080584995
26.16,-152.564946909147,-152.375773141962
26.17,-152.347508153099,-152.158124523639
26.18,-152.129727727139,-151.940128519821
26.19,-151.911599327075,-151.72177902242
26.2,-151.693116761859,-151.503070030094
26.21,-151.474273922697,-151.283995635264
26.22,-151.255064859254,-151.06455001828
26.23,-151.035483649899,-150.844727456355
26.24,-150.815524505901,-150.624522314407
26.25,-150.595181717329,-150.403929034441
26.26,-150.374449687269,-150.182942178841
26.27,-150.153322870286,-149.961556349873
26.28,-149.931795843833,-149.739766255712
26.29,-149.709863237262,-149.517566677028
26.3,-149.487519797776,-149.294952471864
26.31,-149.264760311336,-149.071918575806
26.32,-149.041579664352,-148.848459988476
26.33,-148.81797283041,-148.624571794747
26.34,-148.593934815808,-148.40024913284
26.35,-148.369460747629,-148.175487212122
26.36,-148.144545788503,-147.950281300883
26.37,-147.919185159407,-147.724626750325
26.38,-147.693374165727,-147.498518941981
26.39,-147.467108177001,-147.271953326801
26.4,-147.240382603035,-147.044925421029
26.41,-147.013192931472,-146.817430780415
26.42,-146.785534680011,-146.58946501829
26.43,-146.557403440131,-146.36102378341
26.44,-146.328794839512,-146.132102795655
26.45,-146.099704567917,-145.902697803435
26.46,-145.87012835162,-145.672804592489
26.47,-145.640061960226,-145.44241900941
26.48,-145.409501210807,-145.211536920858
26.49,-145.178441953916,-144.98015423612
26.5,-144.94688008803,-144.748266900366
26.51,-144.714811531066,-144.515870888789
26.52,-144.482232250524,-144.282962215924
26.53,-144.249138244324,-144.049536909444
26.54,-144.01552552431,-143.815591038174
26.55,-143.781390147517,-143.581120685141
26.56,-143.546728191845,-143.346121964047
26.57,-143.311535753122,-143.110591006083
26.58,-143.075808955519,-142.874523971077
26.59,-142.839543942827,-142.637917020461
26.6,-142.602736869526,-142.400766340466
26.61,-142.365383918239,-142.163068133287
26.62,-142.127481284452,-141.924818608376
26.63,-141.889025164876,-141.686013988407
26.64,-141.65001177823,-141.446650504315
26.65,-141.410437351267,-141.206724395718
26.66,-141.170298114427,-140.966231905762
26.67,-140.929590307083,-140.72516927918
26.68,-140.688310170793,-140.483532771215
26.69,-140.446453953024,-140.241318628286
26.7,-140.204017896698,-139.998523101015
26.71,-139.960998252707,-139.755142436297
26.72,-139.717391257506,-139.511172878724
26.73,-139.4731931534,-139.266610660833
26.74,-139.2284001741,-139.021452017808
26.75,-138.983008544583,-138.775693165974
26.76,-138.737014486988,-138.529330320834
26.77,-138.490414202054,-138.282359679843
26.78,-138.243203891508,-138.034777428286
26.79,-137.9953797366,-137.786579740763
26.8,-137.746937905151,-137.53776276839
26.81,-137.497874553601,-137.288322655914
26.82,-137.24818581194,-137.038255516906
26.83,-136.9978677979,-136.78755745443
26.84,-136.746916608963,-136.536224547128
26.85,-136.49532831815,-136.284252846998
26.86,-136.243098977237,-136.031638388825
26.87,-135.990224614459,-135.778377176469
26.88,-135.73670123073,-135.524465191045
26.89,-135.482524799636,-135.269898380186
26.9,-135.227691267202,-135.014672667305
26.91,-134.972196552686,-134.758783943025
26.92,-134.716036537886,-134.502228068658
26.93,-134.459207079456,-134.245000865353
26.94,-134.201703995511,-133.9870981289
26.95,-133.943523072217,-133.728515614515
26.96,-133.684660058587,-133.469249040231
26.97,-133.425110667868,-133.209294089926
26.98,-133.164870574062,-132.948646401657
26.99,-132.90393540991,-132.687301582052
27,-132.642300770427,-132.425255187153
27.01,-132.379962206296,-132.162502737895
27.02,-132.116915226198,-131.899039704806
27.03,-131.853155294957,-131.634861518627
27.04,-131.588677829911,-131.369963560036
27.05,-131.323478203608,-131.104341163627
27.06,-131.057551738405,-130.837989616891
27.07,-130.79089370974,-130.570904155795
27.08,-130.5234993422,-130.303079966078
27.09,-130.255363809307,-130.034512181191
27.1,-129.986482229865,-129.765195881013
27.11,-129.716849672117,-129.495126093106
27.12,-129.446461147115,-129.224297785878
27.13,-129.175311609799,-128.952705875831
27.14,-128.903395961702,-128.680345217277
27.15,-128.630709038908,-128.407210608214
27.16,-128.357245624615,-128.133296785614
27.17,-128.083000438374,-127.858598425627
27.18,-127.807968136755,-127.583110142128
27.19,-127.532143316321,-127.306826483673
27.2,-127.255520506946,-127.029741936903
27.21,-126.978094173898,-126.751850919968
27.22,-126.699858714712,-126.473147785536
27.23,-126.420808461563,-126.19362681611
27.24,-126.140937674901,-125.913282227171
27.25,-125.860240546801,-125.632108161415
27.26,-125.578711196176,-125.350098689378
27.27,-125.296343670541,-125.067247809265
27.28,-125.013131943172,-124.783549445033
27.29,-124.729069910586,-124.498997443928
27.3,-124.444151395003,-124.213585575924
27.31,-124.158370139012,-123.927307533407
27.32,-123.871719806265,-123.640156928882
27.33,-123.584193981571,-123.352127292836
27.34,-123.295786164973,-123.063212074464
27.35,-123.006489775648,-122.773404638983
27.36,-122.716298146961,-122.482698265909
27.37,-122.425204526828,-122.19108614859
27.38,-122.133202075314,-121.898561391272
27.39,-121.840283864162,-121.605117011545
27.4,-121.546442873394,-121.310745932261
27.41,-121.251671992962,-121.015440986546
27.42,-120.955964017423,-120.719194911469
27.43,-120.659311648713,-120.422000350486
27.44,-120.36170749018,-120.123849848392
27.45,-120.063144047858,-119.824735852134
27.46,-119.763613728145,-119.524650707013
27.47,-119.463108835887,-119.223586657366
27.48,-119.161621572285,-118.921535843104
27.49,-118.859144034819,-118.618490298748
27.5,-118.555668213106,-118.314441950432
27.51,-118.25118598865,-118.009382617008
27.52,-117.945689132968,-117.703304004071
27.53,-117.639169305645,-117.396197705655
27.54,-117.331618051049,-117.088055200323
27.55,-117.023026798891,-116.778867849332
27.56,-116.713386859456,-116.468626895897
27.57,-116.402689423548,-116.157323461227
27.58,-116.09092556007,-115.844948543788
27.59,-115.778086212932,-115.531493016921
27.6,-115.464162199793,-115.216947625709
27.61,-115.149144209514,-114.901302985635
27.62,-114.833022799749,-114.58454958051
27.63,-114.515788394406,-114.26667775882
27.64,-114.197431281595,-113.947677732327
27.65,-113.877941611321,-113.627539573288
27.66,-113.557309392719,-113.306253211806
27.67,-113.235524490731,-112.98380843312
27.68,-112.912576624985,-112.660194874887
27.69,-112.58845536546,-112.335402025198
27.7,-112.26315013115,-112.00941921822
27.71,-111.936650185639,-111.682235633063
27.72,-111.608944635902,-111.353840288924
27.73,-111.280022427564,-111.024222043701
27.74,-110.949872343226,-110.693369589894
27.75,-110.618482998004,-110.361271451747
27.76,-110.285842837832,-110.027915981322
27.77,-109.951940134156,-109.693291356373
27.78,-109.616762982467,-109.357385575392
27.79,-109.280299297365,-109.020186455087
27.8,-108.942536809186,-108.681681626038
27.81,-108.603463061026,-108.341858529559
27.82,-108.263065404043,-108.000704412926
27.83,-107.921330993855,-107.658206326401
27.84,-107.578246786523,-107.314351118153
27.85,-107.233799534412,-106.96912543098
27.86,-106.887975781612,-106.62251569697
27.87,-106.540761859902,-106.274508133913
27.88,-106.192143883955,-105.925088740062
27.89,-105.84210774732,-105.574243290035
27.9,-105.490639116281,-105.221957329238
27.91,-105.137723426461,-104.868216169525
27.92,-104.783345876551,-104.51300488344
27.93,-104.427491423991,-104.15630829958
27.94,-104.070144778948,-103.798110996436
27.95,-103.711290398978,-103.438397297401
27.96,-103.350912483537,-103.077151264524
27.97,-102.988994967822,-102.714356692807
27.98,-102.625521516824,-102.349997103907
27.99,-102.260475518945,-101.984055739869
28,-101.893840080034,-101.616515556739
28.01,-101.525598016074,-101.247359217566
28.02,-101.155731847089,-100.876569085658
28.03,-100.784223789406,-100.504127217363
28.04,-100.411055748791,-100.130015354677
28.05,-100.036209312818,-99.754214917631
28.06,-99.6596657434723,-99.3767069967321
28.07,-99.2814059685087,-98.997472344136
28.08,-98.9014105736856,-98.6164913660397
28.09,-98.5196597942236,-98.2337441136063
28.1,-98.1361335058496,-97.8492102742831
28.11,-97.7508112158635,-97.4628691623896
28.12,-97.3636720537085,-97.074699709633
28.13,-96.974694761273,-96.684680455348
28.14,-96.5838576828607,-96.2927895363269
28.15,-96.1911387549002,-95.8990046761749
28.16,-95.7965154952478,-95.5033031746194
28.17,-95.3999649919424,-95.1056618960216
28.18,-95.0014638919768,-94.7060572580048
28.19,-94.6009883893215,-94.3044652191816
28.2,-94.1985142126866,-93.9008612668144
28.21,-93.7940166128232,-93.4952204039032
28.22,-93.3874703493389,-93.0875171357214
28.23,-92.978849676972,-92.6777254560459
28.24,-92.5681283317881,-92.265818832803
28.25,-92.1552795162515,-91.8517701931343
28.26,-91.7402758840745,-91.4355519080003
28.27,-91.3230895246385,-91.0171357762505
28.28,-90.9036919465284,-90.5964930078567
28.29,-90.4820540607052,-90.1735942068654
28.3,-90.0581461628593,-89.7484093534671
28.31,-89.6319379150832,-89.3209077853431
28.32,-89.2033983271444,-88.8910581785026
28.33,-88.772495736568,-88.4588285272132
28.34,-88.3391977882863,-88.0241861231368
28.35,-87.9034714133621,-87.5870975337239
28.36,-87.4652828067584,-87.1475285797115
28.37,-87.0245974045003,-86.7054443116473
28.38,-86.5813798595156,-86.2608089855648
28.39,-86.1355940169055,-85.8135860375785
28.4,-85.6872028878062,-85.3637380574271
28.41,-85.2361686224565,-84.9112267609852
28.42,-84.7824524819004,-84.4560129615201
28.43,-84.3260148087146,-83.9980565397527
28.44,-83.8668149962312,-83.5373164126859
28.45,-83.4048114566229,-83.0737505009527
28.46,-82.9399615874687,-82.6073156948586
28.47,-82.4722217369239,-82.1379678188561
28.48,-82.0015471672846,-81.665661594408
28.49,-81.52789201688,-81.1903506012154
28.5,-81.0512092603089,-80.7119872366236
28.51,-80.5714506667539,-80.2305226732359
28.52,-80.0885667564436,-79.7459068144192
28.53,-79.6025067549399,-79.2580882478373
28.54,-79.1132185454248,-78.76701419669
28.55,-78.6206486185332,-78.2726304686247
28.56,-78.1247420197991,-77.7748814021702
28.57,-77.6254422945794,-77.273709810502
28.58,-77.1226914301654,-76.7690569224451
28.59,-76.6164297949828,-76.2608623204674
28.6,-76.1065960747588,-75.7490638755217
28.61,-75.5931272053507,-75.2335976785461
28.62,-75.0759583021401,-74.714397968396
28.63,-74.555022585604,-74.1913970559128
28.64,-74.0302513030333,-73.6645252440184
28.65,-73.5015736459695,-73.1337107434398
28.66,-72.968916663141,-72.5988795838355
28.67,-72.4322051685946,-72.0599555200001
28.68,-71.8913616446615,-71.5168599328024
28.69,-71.346306139453,-70.9695117245011
28.7,-70.7969561584463,-70.4178272080289
28.71,-70.2432265497793,-69.8617199898372
28.72,-69.6850293827648,-69.3011008457973
28.73,-69.1222738191276,-68.7358775896948
28.74,-68.5548659765133,-68.1659549337345
28.75,-67.9827087835392,-67.5912343404661
28.76,-67.405701825838,-67.0116138654782
28.77,-66.823741182403,-66.4269879901393
28.78,-66.2367192514351,-65.8372474436179
28.79,-65.6445245648413,-65.242279013308
28.8,-65.0470415905542,-64.6419653427404
28.81,-64.4441505215359,-64.0361847159553
28.82,-63.8357270505184,-63.4248108271933
28.83,-63.2216421291268,-62.8077125346858
28.84,-62.6017617101568,-62.1847535971693
28.85,-61.9759464714511,-61.5557923916222
28.86,-61.344051519829,-60.9206816105702
28.87,-60.7059260731764,-60.2792679371167
28.88,-60.0614131188098,-59.6313916956708
28.89,-59.41034904578,-58.9768864761192
28.9,-58.7525632487829,-58.3155787289413
28.91,-58.0878777008181,-57.647287328469
28.92,-57.4161064916401,-56.9718231012078
28.93,-56.7370553285124,-56.2889883157369
28.94,-56.0505209954912,-55.5985761303292
28.95,-55.3562907669395,-54.9003699939368
28.96,-54.6541417704419,-54.194142995691
28.97,-53.9438402937238,-53.4796571574348
28.98,-53.2251410294323,-52.7566626631247
28.99,-52.4977862509054,-52.0248970181648
29,-51.7615049110329,-51.2840841307991
29.01,-51.0160116554066,-50.5339333066835
29.02,-50.2610057395645,-49.7741381465426
29.03,-49.496169838858,-49.0043753354484
29.04,-48.721168737742,-48.2243033106715
29.05,-47.9356478833967,-47.4335607932309
29.06,-47.1392317863881,-46.6317651661442
29.07,-46.3315222484384,-45.8185106799628
29.08,-45.5120963943553,-44.9933664633389
29.09,-44.6805044816061,-44.1558743131351
29.1,-43.8362674568773,-43.3055462348646
29.11,-42.9788742240341,-42.4418616999444
29.12,-42.1077785822375,-41.5642645813917
29.13,-41.2223957862268,-40.6721597240535
29.14,-40.3220986730397,-39.7649090993315
29.15,-39.4062132903331,-38.8418274876055
29.16,-38.4740139510862,-37.9021776244526
29.17,-37.5247176275553,-36.945164739556
29.18,-36.5574775841285,-35.9699304107238
29.19,-35.571376134311,-34.9755456508001
29.2,-34.5654163923396,-33.9610031447617
29.21,-33.5385128761742,-32.925208561507
29.22,-32.4894808087533,-31.8669708860464
29.23,-31.4170239634926,-30.7849917634348
29.24,-30.3197209171745,-29.6778539332332
29.25,-29.1960096248657,-28.5440089920972
29.26,-28.0441703456851,-27.3817650016723
29.27,-26.8623071753133,-26.1892749436748
29.28,-25.6483288694266,-24.9645278573383
29.29,-24.3999304287147,-23.7053459233749
29.3,-23.1145783410285,-22.4093932097106
29.31,-21.789504944115,-21.074206007601
29.32,-20.4217219973019,-19.6972619445888
29.33,-19.0080718957243,-18.2761175664471
29.34,-17.5453500488461,-16.8086655272997
29.35,-16.0305592028322,-15.2935987634215
29.36,-14.4614053203487,-13.7312280988476
29.37,-12.8372299709763,-12.1248884705858
29.38,-11.1607144190971,-10.4832770002045
29.39,-9.44088753946531,-8.82411359898829
29.4,-7.69812511550963,-7.17922253052107
29.41,-5.97149478337984,-5.59983731465117
29.42,-4.32673311057927,-4.15782944885796
29.43,-2.85760984980783,-2.93494688214056
29.44,-1.66707556091352,-1.99544208601646
29.45,-0.82320802644407,-1.35497417854937
29.46,-0.319092641263013,-0.972882384099212
29.47,-0.0789928576254304,-0.775809831563802
29.48,-0.00369607512893159,-0.689765266562111
29.49,-0.0100083712771437,-0.658601254360521
29.5,-0.0438416770590952,-0.647115142935344
29.51,-0.0762566077945458,-0.636711773415545
29.52,-0.0951296143697561,-0.619777566244431
29.53,-0.0981148968379809,-0.595139720076688
29.54,-0.0879077685110128,-0.564941150520116
29.55,-0.0693164541682235,-0.532633151865468
29.56,-0.0475127871012306,-0.5017410079555
29.57,-0.0270235423842131,-0.475153877337909
29.58,-0.0112053422775312,-0.454779691377644
29.59,-0.0020548819011671,-0.441459172371363
29.6,-0.000256686166860926,-0.435058369951809
29.61,-0.00538911600762832,-0.434670923040997
29.62,-0.0162172624257591,-0.438870619847345
29.63,-0.0310108715049608,-0.445966774739275
29.64,-0.0478400531491549,-0.454229526538882
29.65,-0.064819179452007,-0.462066962846149
29.66,-0.0802861725017858,-0.468148415758193
29.67,-0.0929172934291876,-0.471476922707211
29.68,-0.101785459357264,-0.471418602442785
29.69,-0.106373541238222,-0.467698352017087
29.7,-0.106554361988989,-0.460370936460513
29.71,-0.102547649660755,-0.449775234848476
29.72,-0.0948621307047587,-0.4364778566271
29.73,-0.0842289813474475,-0.421210973576195
29.74,-0.0715313286985216,-0.404808197949861
29.75,-0.0577334821491654,-0.388141677609467
29.76,-0.043812994911042,-0.372063177637643
29.77,-0.0306983417361137,-0.357351637325711
29.78,-0.0192147690143172,-0.344669395990981
29.79,-0.0100405682613727,-0.334528868808121
29.8,-0.00367553857521199,-0.327270876466487
29.81,-0.000422705316790869,-0.323055102712753
29.82,-0.000383492729317901,-0.321862338392286
29.83,-0.00346560833477836,-0.323507370310305
29.84,-0.0094020176120441,-0.327660695636872
29.85,-0.0177786941268328,-0.333876774607695
29.86,-0.0280684117058649,-0.341626322731176
29.87,-0.0396677350675204,-0.350330188288179
29.88,-0.0519345403538384,-0.359392619909893
29.89,-0.0642237901562549,-0.368232134090202
29.9,-0.0759198090692453,-0.376308666593849
29.91,-0.0864638649422813,-0.383146165005378
29.92,-0.0953763832784494,-0.388350199872235
29.93,-0.102273558123355,-0.391620508476632
29.94,-0.106878449211775,-0.392758628202563
29.95,-0.109026871452661,-0.391670931805716
29.96,-0.10866850417197,-0.388367461076625
29.97,-0.105863697775814,-0.382956989761634
29.98,-0.100776461256833,-0.375638753037172
29.99,-0.0936641002151234,-0.366691278597942
30,-0.0848639623077629,-0.356458758260647
30.01,-0.0747777497369014,-0.345335418064474
30.02,-0.0638538842220384,-0.333748382363306
30.03,-0.0525684596591733,-0.322139580718494
30.04,-0.0414053856014088,-0.310947307695255
30.05,-0.030836399450481,-0.300588103124534
30.06,-0.0213016914399584,-0.291439659970818
30.07,-0.0131919269640104,-0.283825474644257
30.08,-0.00683244945724132,-0.27800191898735
30.09,-0.00247039186293441,-0.27414832781436
30.1,-0.000265310549290933,-0.272360561094284
30.11,-0.000281563270118366,-0.272601827101583
30.12,-0.00250588855513181,-0.274903855565686
30.13,-0.00681559830996953,-0.279082138769768
30.14,-0.0130048394104314,-0.284889722922225
30.15,-0.020794587247452,-0.292025941095452
30.16,-0.0298454946224906,-0.300147620938742
30.17,-0.0397728674966229,-0.30888209826779
30.18,-0.0501629843987965,-0.317841333542147
30.19,-0.0605899820279375,-0.326636443575087
30.2,-0.0706325855797229,-0.334892015649082
30.21,-0.0798900539728872,-0.342259652793554
30.22,-0.087996821204925,-0.348430293982002
30.23,-0.0946354302482287,-0.353144949409253
30.24,-0.099547462813964,-0.356203579505503
30.25,-0.10254225857099,-0.357471921061358
30.26,-0.103503286970417,-0.35688612250008
30.27,-0.102392083734974,-0.354455093961797
30.28,-0.0992496958027183,-0.3502605101818
30.29,-0.0941955991241752,-0.344454430813059
30.3,-0.0874240709051354,-0.337254530606393
30.31,-0.0791980200546527,-0.32893696764067
30.32,-0.0698403148212748,-0.319826967736464
30.33,-0.0597227016188603,-0.310287271674151
30.34,-0.0492524881537117,-0.30070468053051
30.35,-0.0388572679408541,-0.291475041426015
30.36,-0.0289680884799538,-0.282987135187711
30.37,-0.0200016031100472,-0.275606048644317
30.38,-0.0123418834071692,-0.269656723724527
30.39,-0.00632268768462918,-0.265408457443238
30.4,-0.00221106274867497,-0.263061165691209
30.41,-0.000193182885050787,-0.26273420695877
30.42,-0.000363289116763668,-0.264458482938894
30.43,-0.0027164779462164,-0.268172392405465
30.44,-0.00714590684974368,-0.273722022482372
30.45,-0.0134447486791727,-0.280865734735622
30.46,-0.0213129621138317,-0.289283064895099
30.47,-0.030368678220902,-0.298587628267265
30.48,-0.0401637615167237,-0.30834352905658
30.49,-0.0502029098966886,-0.31808462544818
30.5,-0.0599655245329531,-0.327335909207271
30.51,-0.0689295103392201,-0.335636215095688
30.52,-0.0765961509735834,-0.34256146962089
30.53,-0.0825152218299349,-0.347747702613631
30.54,-0.086309536784861,-0.350913058242151
30.55,-0.087698144772783,-0.351878034455246
30.56,-0.086517378104849,-0.350583135893025
30.57,-0.0827388895547787,-0.347103036995178
30.58,-0.0764836931230279,-0.341656222205629
30.59,-0.0680310509807912,-0.334608915680903
30.6,-0.0578208504210359,-0.32647196743687
30.61,-0.0464479341102102,-0.317889278466918
30.62,-0.0346467510063817,-0.30961639317355
30.63,-0.0232647702714704,-0.302488143383468
30.64,-0.013223443373958,-0.297374771370148
30.65,-0.00546619937408472,-0.295126842265463
30.66,-0.000894067045558412,-0.296510479430781
30.67,-0.000291014543069981,-0.302135941722343
30.68,-0.00424285910364296,-0.312384139925992
30.69,-0.0130553900114337,-0.327337116220073
30.7,-0.0266788513631654,-0.346719519109896
30.71,-0.0446468314932892,-0.369858498605424
30.72,-0.0660377097137507,-0.395669196041005
30.73,-0.0894661735527223,-0.422672338082727
30.74,-0.113111329867752,-0.449049875352274
30.75,-0.134787319551313,-0.47274488136386
30.76,-0.152063099537283,-0.491613931076609
30.77,-0.162441304916416,-0.503644787101939
30.78,-0.163612966078111,-0.507260102604289
30.79,-0.153816228926089,-0.50173905252974
30.8,-0.132343261101187,-0.487801754415272
30.81,-0.100258121209163,-0.468410449811999
30.82,-0.0614013305059815,-0.449832157435592
30.83,-0.0237417021786463,-0.442948417683273
30.84,-0.00104226842663623,-0.464634007616757
30.85,-0.0145470128272982,-0.538696664775903
30.86,-0.0938805311946165,-0.695397444273116
30.87,-0.275677694853425,-0.9682717293988
30.88,-0.598262858574202,-1.38758551510091
30.89,-1.09219936124133,-1.97187478120733
30.9,-1.77005512427901,-2.72153589137561
30.91,-2.62136981991863,-3.61842272294841
30.92,-3.61636473147139,-4.63171460106733
30.93,-4.71573850658327,-5.72635855524117
30.94,-5.88054990663395,-6.86993782798772
30.95,-7.0782400002817,-8.03621163116235
30.96,-8.28452053072057,-9.2058304290975
30.97,-9.48271796586329,-10.3655014855559
30.98,-10.6621484770664,-11.5066392371211
30.99,-11.8164379575654,-12.6240581471157
31,-12.9421451244815,-13.7149147794508
31.01,-14.0377487267791,-14.7779251379356
31.02,-15.1029452417293,-15.8128143597299
31.03,-16.1381785204055,-16.8199415227997
31.04,-17.1443316790302,-17.8000489153106
31.05,-18.1225284870628,-18.7540969114568
31.06,-19.074007167003,-19.6831566183789
31.07,-20.0000415126766,-20.5883410685493
31.08,-20.9018926928466,-21.4707619437757
31.09,-21.7807808346231,-22.3315031184144
31.1,-22.6378692759081,-23.1716052227845
31.11,-23.4742568628094,-23.9920573779699
31.12,-24.2909752893817,-24.7937935512066
31.13,-25.0889895327747,-25.5776918431796
31.14,-25.8692001244886,-26.3445755910815
31.15,-26.6324464468921,-27.0952155519008
31.16,-27.3795105369818,-27.8303326837617
31.17,-28.1111210707155,-28.5506012119435
31.18,-28.8279573262482,-29.2566517787671
31.19,-29.5306530058412,-29.9490745514763
31.2,-30.2197998490736,-30.628422212062
31.21,-30.895951003953,-31.2952127858923
31.22,-31.5596241440835,-31.9499322876041
31.23,-32.2113043334171,-32.5930371766649
31.24,-32.8514466481157,-33.2249566238711
31.25,-33.48047856951,-33.8460945954381
31.26,-34.0988021643905,-34.4568317644929
31.27,-34.7067960695844,-35.0575272613677
31.28,-35.3048172976715,-35.6485202747429
31.29,-35.8932028799924,-36.2301315156923
31.3,-36.4722713621387,-36.8026645562758
31.31,-37.0423241659774,-37.3664070537335
31.32,-37.6036468310914,-37.9216318705783
31.33,-38.1565101473697,-38.4685981001159
31.34,-38.7011711893453,-39.0075520061021
31.35,-39.2378742618628,-39.5387278845092
31.36,-39.7668517656795,-40.0623488546109
31.37,-40.2883249907395,-40.5786275859389
31.38,-40.8025048440542,-41.0877669670166
31.39,-41.3095925184162,-41.5899607212137
31.4,-41.8097801075212,-42.0853939745334
31.41,-42.3032511725005,-42.5742437796724
31.42,-42.7901812643506,-43.0566796002698
31.43,-43.2707384062898,-43.5328637588715
31.44,-43.7450835396487,-44.0029518517931
31.45,-44.2133709365577,-44.4670931337546
31.46,-44.6757485823452,-44.9254308748804
31.47,-45.1323585302807,-45.3781026924063
31.48,-45.5833372310542,-45.8252408592199
31.49,-46.0288158390978,-46.2669725911443
31.5,-46.4689204977272,-46.7034203147147
31.51,-46.9037726048274,-47.134701917015
31.52,-47.3334890606629,-47.5609309790165
31.53,-47.758182499288,-47.9822169937087
31.54,-48.1779615048091,-48.398665570218
31.55,-48.5929308137194,-48.8103786249853
31.56,-49.0031915043822,-49.2174545609846
31.57,-49.4088411746305,-49.6199884358866
31.58,-49.8099741083768,-50.0180721199795
31.59,-50.2066814320879,-50.4117944446012
31.6,-50.5990512618134,-50.8012413417673
31.61,-50.9871688414877,-51.1864959756235
31.62,-51.3711166731489,-51.5676388663006
31.63,-51.7509746395827,-51.9447480066997
31.64,-52.1268201200066,-52.3178989726961
31.65,-52.4987280991812,-52.6871650272109
31.66,-52.8667712704917,-53.0526172185577
31.67,-53.2310201333244,-53.4143244734529
31.68,-53.5915430851769,-53.7723536850302
31.69,-53.9484065088027,-54.1267697961946
31.7,-54.3016748547631,-54.4776358786053
31.71,-54.6514107196249,-54.8250132075716
31.72,-54.9976749201326,-55.1689613331139
31.73,-55.3405265635656,-55.5095381474305
31.74,-55.6800231145492,-55.8467999489904
31.75,-56.0162204585338,-56.1808015034529
31.76,-56.3491729620971,-56.5115961016131
31.77,-56.678933530341,-56.8392356145381
31.78,-57.005553661495,-57.16377054607
31.79,-57.329083498898,-57.4852500828399
31.8,-57.6495718805362,-57.8037221419439
31.81,-57.9670663862614,-58.1192334164069
31.82,-58.2816133828088,-58.4318294185614
31.83,-58.5932580667734,-58.7415545214622
31.84,-58.9020445055969,-59.048451998436
31.85,-59.2080156767837,-59.3525640608751
31.86,-59.511213505302,-59.6539318943676
31.87,-59.8116788993802,-59.9525956932539
31.88,-60.1094517847355,-60.2485946936886
31.89,-60.4045711373366,-60.541967205296
31.9,-60.6970750147263,-60.832750641479
31.91,-60.9870005860963,-61.1209815484623
31.92,-61.2743841610153,-61.4066956331286
31.93,-61.5592612170146,-61.6899277897103
31.94,-61.8416664260522,-61.9707121253907
31.95,-62.1216336798499,-62.2490819848768
31.96,-62.3991961142495,-62.5250699739826
31.97,-62.6743861326004,-62.7987079822825
31.98,-62.9472354281511,-63.0700272048723
31.99,-63.2177750056583,-63.3390581632833
32,-63.4860352020918,-63.6058307255864
32.01,-63.7520457065494,-63.8703741257312
32.02,-64.0158355794254,-64.132716982144
32.03,-64.277433270836,-64.3928873156371
32.04,-64.5368666383754,-64.6509125666386
32.05,-64.7941629641683,-64.9068196117894
32.06,-65.0493489713373,-65.1606347799335
32.07,-65.3024508398362,-65.412383867521
32.08,-65.553494221714,-65.6620921534624
32.09,-65.8025042558304,-65.9097844134397
32.1,-66.0495055820382,-66.1554849337222
32.11,-66.2945223549088,-66.3992175244837
32.12,-66.5375782568612,-66.6410055326656
32.13,-66.7786965109605,-66.8808718543808
32.14,-67.0178998931998,-67.1188389469001
32.15,-67.2552107443572,-67.3549288402256
32.16,-67.4906509814834,-67.5891631482724
32.17,-67.7242421089761,-67.8215630796715
32.18,-67.9560052292696,-68.052149448217
32.19,-68.1859610532276,-68.2809426829608
32.2,-68.4141299100947,-68.5079628379794
32.21,-68.640531757207,-68.7332296018202
32.22,-68.865186189306,-68.9567623066404
32.23,-69.0881124476822,-69.1785799370525
32.24,-69.3093294288284,-69.3987011386881
32.25,-69.5288556930125,-69.617144226487
32.26,-69.7467094724195,-69.8339271927296
32.27,-69.9629086791716,-70.0490677148109
32.28,-70.1774709129565,-70.2625831627787
32.29,-70.3904134685662,-70.4744906066395
32.3,-70.6017533430845,-70.6848068234342
32.31,-70.8115072429027,-70.893548304104
32.32,-71.0196915905152,-71.1007312601509
32.33,-71.2263225311405,-71.3063716300852
32.34,-71.4314159390663,-71.5104850857009
32.35,-71.6349874238962,-71.7130870381462
32.36,-71.8370523365219,-71.9141926438273
32.37,-72.0376257749785,-72.1138168101351
32.38,-72.2367225901463,-72.3119742010032
32.39,-72.4343573912016,-72.5086792423145
32.4,-72.6305445510093,-72.7039461271418
32.41,-72.8252982112207,-72.8977888208489
32.42,-73.0186322874684,-73.0902210660393
32.43,-73.2105604741002,-73.2812563873746
32.44,-73.4010962490756,-73.470908096249
32.45,-73.5902528784724,-73.6591892953458
32.46,-73.7780434211151,-73.8461128830525
32.47,-73.9644807327892,-74.0316915577758
32.48,-74.1495774706476,-74.2159378221201
32.49,-74.3333460972545,-74.3988639869623
32.5,-74.5157988846339,-74.5804821754274
32.51,-74.6969479182267,-74.7608043267283
32.52,-74.8768051005893,-74.9398421999434
32.53,-75.0553821552651,-75.1176073776636
32.54,-75.2326906302297,-75.2941112695575
32.55,-75.408741901565,-75.4693651158442
32.56,-75.5835471767368,-75.6433799906781
32.57,-75.7571174980374,-75.8161668054375
32.58,-75.9294637458282,-75.9877363119416
32.59,-76.1005966416,-76.158099105582
32.6,-76.2705267512382,-76.3272656283714
32.61,-76.4392644878591,-76.4952461719271
32.62,-76.6068201148401,-76.662050880363
32.63,-76.7732037486578,-76.8276897531395
32.64,-76.9384253617144,-76.9921726478095
32.65,-77.1024947849986,-77.1555092827282
32.66,-77.2654217107509,-77.3177092396786
32.67,-77.4272156950674,-77.4787819664415
32.68,-77.5878861605275,-77.6387367793063
32.69,-77.7474423984283,-77.7975828655216
32.7,-77.905893571448,-77.955329285691
32.71,-78.0632487158556,-78.111984976101
32.72,-78.2195167438371,-78.2675587510182
32.73,-78.374706445775,-78.4220593049088
32.74,-78.5288264923206,-78.5754952146335
32.75,-78.6818854367453,-78.7278749415762
32.76,-78.8338917169045,-78.8792068337157
32.77,-78.9848536573166,-79.0294991276945
32.78,-79.1347794710707,-79.1787599507842
32.79,-79.2836772620079,-79.3269973228568
32.8,-79.4315550264083,-79.4742191582903
32.81,-79.5784206549923,-79.6204332678275
32.82,-79.7242819347245,-79.765647360426
32.83,-79.869146550647,-79.9098690450216
32.84,-80.0130220875689,-80.0531058323139
32.85,-80.1559160317904,-80.1953651364566
32.86,-80.297835772875,-80.336654276755
32.87,-80.4387886052481,-80.4769804793103
32.88,-80.5787817297845,-80.6163508786354
32.89,-80.7178222553848,-80.754772519233
32.9,-80.8559172006184,-80.8922523571533
32.91,-80.9930734951922,-81.0287972615139
32.92,-81.129297981437,-81.1644140159876
32.93,-81.2645974156971,-81.2991093202637
32.94,-81.3989784699724,-81.4328897914995
32.95,-81.5324477330867,-81.5657619656955
32.96,-81.6650117122037,-81.6977322991112
32.97,-81.796676834231,-81.8288071695956
32.98,-81.9274494469814,-81.9589928779302
32.99,-82.0573358206004,-82.0882956491322
33,-82.1863421488882,-82.2167216337283
33.01,-82.3144745503428,-82.3442769090321
33.02,-82.441739069703,-82.4709674803623
33.03,-82.5681416789315,-82.5967992822664
33.04,-82.6936882784463,-82.721778179717
33.05,-82.8183846984059,-82.8459099692758
33.06,-82.9422366997268,-82.9692003802541
33.07,-83.0652499752944,-83.0916550758402
33.08,-83.1874301510612,-83.2132796542236
33.09,-83.3087827871827,-83.3340796496712
33.1,-83.4293133789825,-83.454060533628
33.11,-83.5490273580542,-83.5732277157499
33.12,-83.6679300934341,-83.6915865449688
33.13,-83.7860268925123,-83.8091423105096
33.14,-83.9033230019339,-83.925900242891
33.15,-84.0198236088759,-84.0418655149258
33.16,-84.1355338417506,-84.1570432426916
33.17,-84.2504587713851,-84.271438486507
33.18,-84.3646034117724,-84.3850562518534
33.19,-84.4779727212234,-84.4979014903236
33.2,-84.5905716030444,-84.6099791005423
33.21,-84.7024049066756,-84.7212939290469
33.22,-84.81347742838,-84.8318507712025
33.23,-84.9237939123683,-84.9416543720625
33.24,-85.0333590513991,-85.0507094272313
33.25,-85.1421774878236,-85.1590205837274
33.26,-85.2502538143771,-85.2665924408013
33.27,-85.3575925749693,-85.3734295507743
33.28,-85.4641982655757,-85.4795364198481
33.29,-85.5700753349907,-85.5849175088997
33.3,-85.6752281856728,-85.6895772342811
33.31,-85.7796611745114,-85.7935199685793
33.32,-85.883378613507,-85.8967500414098
33.33,-85.9863847707907,-85.999271740143
33.34,-86.0886838710492,-86.1010893106734
33.35,-86.1902800965972,-86.2022069581253
33.36,-86.2911775878535,-86.3026288476065
33.37,-86.3913804442321,-86.4023591049032
33.38,-86.490892724733,-86.5014018171823
33.39,-86.5897184488173,-86.5997610336949
33.4,-86.6878615968804,-86.6974407664499
33.41,-86.7853261112004,-86.7944449908858
33.42,-86.8821158963956,-86.8907776465438
33.43,-86.9782348201763,-86.9864426377138
33.44,-87.0736867140694,-87.0814438340801
33.45,-87.1684753739952,-87.175785071363
33.46,-87.2626045609429,-87.2694701519434
33.47,-87.3560780015157,-87.3625028454691
33.48,-87.4488993888087,-87.4548868894707
33.49,-87.5410723827701,-87.5466259899684
33.5,-87.6326006109049,-87.6377238220666
33.51,-87.7234876689042,-87.7281840305071
33.52,-87.8137371212043,-87.8180102302806
33.53,-87.9033525016605,-87.9072060071562
33.54,-87.9923373139455,-87.9957749182783
33.55,-88.0806950322909,-88.0837204926826
33.56,-88.1684291021183,-88.1710462318502
33.57,-88.2555429403307,-88.2577556102362
33.58,-88.3420399360874,-88.3438520758045
33.59,-88.4279234512043,-88.429339050531
33.6,-88.5131968208793,-88.5142199309221
33.61,-88.5978633539737,-88.5984980884974
33.62,-88.6819263337974,-88.6821768703147
33.63,-88.7653890184509,-88.7652595994336
33.64,-88.8482546412479,-88.8477495753835
33.65,-88.9305264114612,-88.9296500746623
33.66,-89.0122075145981,-89.0109643511709
33.67,-89.0933011132624,-89.0916956366772
33.68,-89.1738103469504,-89.1718471412756
33.69,-89.2537383332279,-89.2514220538143
33.7,-89.3330881677247,-89.3304235423138
33.71,-89.411862924829,-89.408854754425
33.72,-89.49006565804,-89.486718817813
33.73,-89.5676994005266,-89.5640188405963
33.74,-89.6447671653546,-89.6407579117257
33.75,-89.7212719461378,-89.7169391013794
33.76,-89.7972167173381,-89.7925654613895
33.77,-89.8726044347061,-89.8676400255494
33.78,-89.947438035692,-89.9421658100761
33.79,-90.0217204398664,-90.0161458139081
33.8,-90.0954545493366,-90.0895830190895
33.81,-90.1686432489417,-90.162480391126
33.82,-90.2412894070532,-90.234840879327
33.83,-90.3133958755187,-90.3066674171388
33.84,-90.3849654902075,-90.3779629224699
33.85,-90.4560010714969,-90.4487302980566
33.86,-90.5265054244013,-90.5189724317175
33.87,-90.5964813390003,-90.5886921967125
33.88,-90.6659315909304,-90.6578924520159
33.89,-90.7348589415241,-90.7265760426411
33.9,-90.8032661381325,-90.7947457999142
33.91,-90.8711559147242,-90.8624045417433
33.92,-90.9385309918607,-90.9295550729393
33.93,-91.0053940771737,-90.9962001854293
33.94,-91.0717478656513,-91.062342658573
33.95,-91.1375950400328,-91.127985259387
33.96,-91.2029382709029,-91.1931307427958
33.97,-91.267780217037,-91.2577818518995
33.98,-91.3321235257651,-91.3219413181848
33.99,-91.3959708332862,-91.3856118617666
34,-91.4593247645421,-91.4487961916059
34.01,,
34.02,,
34,,
